date,prcp,tavg,tmax,tmin,awnd,wsf2,wsf5,wdf2,wdf5
2023-01-01,0,123,172,94.0,42.0,94.0,107.0,270.0,270.0
2023-01-02,135,113,117,83.0,47.0,103.0,125.0,20.0,20.0
2023-01-03,0,103,128,89.0,30.0,76.0,76.0,30.0,30.0
2023-01-04,419,116,167,94.0,82.0,192.0,268.0,150.0,150.0
2023-01-05,109,145,156,117.0,68.0,179.0,250.0,150.0,150.0
2023-01-06,0,126,167,100.0,35.0,76.0,143.0,190.0,200.0
2023-01-07,48,142,167,111.0,81.0,157.0,233.0,140.0,190.0
2023-01-08,193,141,172,133.0,51.0,197.0,259.0,190.0,180.0
2023-01-09,356,149,167,111.0,44.0,134.0,188.0,160.0,150.0
2023-01-10,102,132,150,111.0,92.0,241.0,309.0,160.0,160.0
2023-01-11,135,127,156,111.0,58.0,98.0,130.0,110.0,110.0
2023-01-12,0,144,206,128.0,36.0,103.0,143.0,130.0,170.0
2023-01-13,142,156,172,122.0,58.0,139.0,165.0,140.0,140.0
2023-01-14,249,144,156,128.0,72.0,174.0,237.0,160.0,160.0
2023-01-15,193,122,133,94.0,47.0,103.0,125.0,70.0,100.0
2023-01-16,218,107,133,83.0,83.0,125.0,161.0,210.0,250.0
2023-01-17,0,99,144,56.0,21.0,63.0,85.0,200.0,200.0
2023-01-18,61,96,133,61.0,27.0,98.0,148.0,140.0,130.0
2023-01-19,0,109,128,83.0,33.0,72.0,94.0,350.0,330.0
2023-01-20,0,110,128,78.0,52.0,103.0,125.0,10.0,20.0
2023-01-21,0,87,139,44.0,19.0,63.0,76.0,270.0,280.0
2023-01-22,0,112,156,83.0,53.0,125.0,165.0,10.0,10.0
2023-01-23,0,132,172,83.0,42.0,98.0,125.0,10.0,10.0
2023-01-24,0,121,178,67.0,31.0,81.0,116.0,70.0,60.0
2023-01-25,0,121,206,67.0,18.0,58.0,67.0,70.0,70.0
2023-01-26,0,146,200,106.0,34.0,98.0,134.0,90.0,80.0
2023-01-27,0,118,144,72.0,36.0,107.0,130.0,290.0,300.0
2023-01-28,0,96,139,61.0,36.0,94.0,125.0,280.0,280.0
2023-01-29,5,107,117,89.0,75.0,125.0,157.0,270.0,290.0
2023-01-30,0,91,128,50.0,34.0,89.0,116.0,10.0,20.0
2023-01-31,0,86,156,22.0,23.0,67.0,98.0,290.0,280.0
2023-02-01,0,89,139,39.0,11.0,40.0,49.0,20.0,20.0
2023-02-02,0,89,167,44.0,20.0,40.0,161.0,120.0,190.0
2023-02-03,147,123,144,100.0,22.0,72.0,94.0,110.0,110.0
2023-02-04,163,112,156,106.0,49.0,179.0,237.0,210.0,220.0
2023-02-05,18,129,139,89.0,65.0,130.0,174.0,290.0,290.0
2023-02-06,0,99,150,50.0,26.0,76.0,94.0,290.0,290.0
2023-02-07,0,101,161,56.0,16.0,76.0,107.0,290.0,290.0
2023-02-08,0,106,172,61.0,20.0,58.0,67.0,290.0,290.0
2023-02-09,0,113,178,61.0,20.0,94.0,112.0,290.0,280.0
2023-02-10,0,115,144,67.0,54.0,112.0,148.0,270.0,310.0
2023-02-11,15,97,133,67.0,33.0,98.0,121.0,40.0,10.0
2023-02-12,0,101,178,56.0,28.0,81.0,116.0,290.0,310.0
2023-02-13,0,108,156,61.0,81.0,206.0,250.0,290.0,290.0
2023-02-14,0,101,117,67.0,82.0,148.0,192.0,280.0,290.0
2023-02-15,0,101,150,50.0,42.0,107.0,139.0,10.0,10.0
2023-02-16,0,86,144,39.0,14.0,54.0,63.0,210.0,210.0
2023-02-17,0,104,167,56.0,22.0,63.0,81.0,280.0,290.0
2023-02-18,0,102,156,44.0,18.0,72.0,85.0,300.0,310.0
2023-02-19,0,108,189,50.0,24.0,67.0,85.0,300.0,300.0
2023-02-20,0,117,194,72.0,26.0,94.0,112.0,300.0,300.0
2023-02-21,0,123,133,78.0,132.0,219.0,304.0,300.0,280.0
2023-02-22,10,85,106,56.0,89.0,143.0,201.0,310.0,310.0
2023-02-23,86,69,106,39.0,64.0,165.0,224.0,200.0,200.0
2023-02-24,150,73,106,50.0,49.0,103.0,143.0,130.0,140.0
2023-02-25,0,78,111,67.0,31.0,63.0,85.0,280.0,300.0
2023-02-26,53,93,117,67.0,50.0,134.0,183.0,190.0,190.0
2023-02-27,137,79,111,50.0,56.0,174.0,233.0,190.0,190.0
2023-02-28,84,87,133,61.0,53.0,107.0,157.0,230.0,250.0
2023-03-01,0,81,128,39.0,66.0,112.0,148.0,290.0,300.0
2023-03-02,0,101,139,44.0,47.0,125.0,148.0,280.0,290.0
2023-03-03,0,103,144,83.0,49.0,107.0,134.0,280.0,290.0
2023-03-04,53,98,117,83.0,51.0,161.0,219.0,210.0,220.0
2023-03-05,58,99,122,67.0,57.0,148.0,206.0,240.0,230.0
2023-03-06,51,89,128,56.0,38.0,76.0,98.0,210.0,240.0
2023-03-07,3,91,128,56.0,28.0,76.0,107.0,270.0,270.0
2023-03-08,28,98,133,72.0,34.0,98.0,121.0,210.0,220.0
2023-03-09,183,91,144,67.0,62.0,183.0,264.0,190.0,180.0
2023-03-10,130,126,156,100.0,47.0,165.0,246.0,210.0,210.0
2023-03-11,3,117,172,83.0,25.0,94.0,121.0,200.0,210.0
2023-03-12,145,138,150,128.0,58.0,107.0,174.0,190.0,190.0
2023-03-13,3,146,189,128.0,48.0,107.0,210.0,210.0,200.0
2023-03-14,180,151,178,89.0,96.0,246.0,344.0,200.0,210.0
2023-03-15,0,102,150,61.0,43.0,94.0,116.0,280.0,280.0
2023-03-16,0,107,156,72.0,38.0,94.0,116.0,280.0,290.0
2023-03-17,0,112,178,78.0,33.0,107.0,130.0,290.0,290.0
2023-03-18,10,124,178,83.0,17.0,139.0,197.0,200.0,210.0
2023-03-19,137,133,150,106.0,41.0,107.0,139.0,260.0,260.0
2023-03-20,15,114,139,94.0,35.0,76.0,107.0,290.0,280.0
2023-03-21,284,108,133,89.0,88.0,219.0,291.0,120.0,120.0
2023-03-22,56,105,144,94.0,58.0,107.0,139.0,290.0,300.0
2023-03-23,8,118,139,94.0,79.0,112.0,148.0,290.0,300.0
2023-03-24,0,107,139,78.0,79.0,148.0,192.0,300.0,300.0
2023-03-25,0,99,144,56.0,63.0,148.0,197.0,300.0,290.0
2023-03-26,0,100,144,61.0,48.0,103.0,130.0,280.0,280.0
2023-03-27,0,97,167,44.0,32.0,94.0,121.0,270.0,270.0
2023-03-28,160,115,128,83.0,55.0,161.0,219.0,170.0,180.0
2023-03-29,170,102,117,89.0,42.0,107.0,139.0,240.0,240.0
2023-03-30,0,104,144,72.0,38.0,94.0,130.0,280.0,290.0
2023-03-31,0,107,150,67.0,29.0,76.0,94.0,280.0,270.0
2023-04-01,0,112,167,61.0,36.0,81.0,103.0,270.0,300.0
2023-04-02,0,125,144,94.0,69.0,125.0,179.0,280.0,300.0
2023-04-03,0,104,128,78.0,98.0,179.0,255.0,300.0,290.0
2023-04-04,0,95,144,56.0,51.0,125.0,157.0,280.0,290.0
2023-04-05,0,105,150,72.0,50.0,98.0,139.0,280.0,300.0
2023-04-06,0,112,161,83.0,34.0,81.0,103.0,300.0,310.0
2023-04-07,15,132,161,111.0,46.0,94.0,116.0,210.0,190.0
2023-04-08,0,127,189,100.0,38.0,94.0,125.0,290.0,290.0
2023-04-09,0,136,217,94.0,39.0,103.0,125.0,290.0,280.0
2023-04-10,0,151,200,111.0,48.0,125.0,143.0,280.0,280.0
2023-04-11,0,142,167,100.0,84.0,174.0,215.0,280.0,270.0
2023-04-12,0,116,150,89.0,95.0,143.0,192.0,280.0,280.0
2023-04-13,0,118,167,83.0,69.0,134.0,174.0,280.0,280.0
2023-04-14,0,114,150,94.0,74.0,112.0,152.0,270.0,280.0
2023-04-15,0,117,150,94.0,60.0,107.0,134.0,280.0,280.0
2023-04-16,0,118,156,94.0,67.0,116.0,152.0,280.0,290.0
2023-04-17,10,123,150,100.0,71.0,116.0,148.0,270.0,270.0
2023-04-18,0,121,150,83.0,46.0,98.0,116.0,260.0,280.0
2023-04-19,0,119,161,83.0,63.0,112.0,134.0,290.0,290.0
2023-04-20,0,128,189,83.0,52.0,125.0,148.0,280.0,280.0
2023-04-21,0,147,222,106.0,50.0,130.0,165.0,290.0,290.0
2023-04-22,0,149,206,106.0,74.0,139.0,170.0,280.0,290.0
2023-04-23,0,137,161,106.0,88.0,148.0,183.0,270.0,280.0
2023-04-24,0,127,167,100.0,83.0,143.0,179.0,280.0,280.0
2023-04-25,0,135,250,89.0,42.0,103.0,125.0,310.0,300.0
2023-04-26,0,147,250,100.0,44.0,94.0,112.0,300.0,300.0
2023-04-27,0,156,283,100.0,43.0,98.0,116.0,300.0,290.0
2023-04-28,0,153,194,106.0,63.0,112.0,134.0,300.0,300.0
2023-04-29,0,131,167,106.0,60.0,134.0,161.0,290.0,280.0
2023-04-30,0,129,161,106.0,107.0,174.0,224.0,280.0,290.0
2023-05-01,3,128,150,111.0,84.0,139.0,188.0,260.0,250.0
2023-05-02,122,118,144,100.0,38.0,89.0,107.0,140.0,160.0
2023-05-03,51,126,156,106.0,40.0,67.0,94.0,130.0,140.0
2023-05-04,3,123,156,106.0,35.0,76.0,103.0,270.0,280.0
2023-05-05,0,133,161,117.0,32.0,89.0,107.0,230.0,220.0
2023-05-06,5,138,172,117.0,38.0,94.0,112.0,230.0,240.0
2023-05-07,0,138,183,100.0,38.0,94.0,125.0,280.0,270.0
2023-05-08,0,139,183,111.0,50.0,94.0,112.0,270.0,270.0
2023-05-09,0,144,183,117.0,65.0,116.0,148.0,270.0,270.0
2023-05-10,0,139,167,122.0,62.0,107.0,130.0,270.0,250.0
2023-05-11,0,142,172,122.0,67.0,107.0,143.0,270.0,280.0
2023-05-12,0,142,206,117.0,72.0,116.0,143.0,290.0,290.0
2023-05-13,0,152,278,117.0,42.0,103.0,130.0,280.0,270.0
2023-05-14,0,167,222,117.0,37.0,72.0,94.0,300.0,300.0
2023-05-15,0,169,200,128.0,50.0,103.0,121.0,280.0,280.0
2023-05-16,0,155,222,122.0,65.0,139.0,161.0,290.0,290.0
2023-05-17,0,143,178,117.0,65.0,125.0,161.0,280.0,290.0
2023-05-18,0,142,178,122.0,60.0,116.0,143.0,270.0,270.0
2023-05-19,0,147,178,128.0,62.0,112.0,143.0,280.0,270.0
2023-05-20,0,141,172,122.0,62.0,112.0,148.0,270.0,270.0
2023-05-21,0,148,200,122.0,50.0,116.0,143.0,270.0,270.0
2023-05-22,0,151,217,111.0,41.0,107.0,134.0,300.0,300.0
2023-05-23,0,148,194,122.0,54.0,103.0,125.0,210.0,210.0
2023-05-24,0,146,189,122.0,46.0,76.0,98.0,200.0,210.0
2023-05-25,0,145,183,122.0,50.0,98.0,125.0,250.0,240.0
2023-05-26,0,149,189,128.0,50.0,103.0,139.0,270.0,270.0
2023-05-27,0,151,200,122.0,55.0,112.0,143.0,270.0,260.0
2023-05-28,0,139,161,128.0,45.0,94.0,112.0,270.0,260.0
2023-05-29,0,150,200,128.0,54.0,116.0,152.0,200.0,210.0
2023-05-30,0,159,194,133.0,51.0,103.0,148.0,270.0,280.0
2023-05-31,0,146,183,122.0,59.0,107.0,152.0,250.0,280.0
2023-06-01,0,149,200,122.0,49.0,107.0,148.0,240.0,260.0
2023-06-02,0,148,200,111.0,50.0,107.0,134.0,270.0,270.0
2023-06-03,0,152,217,111.0,46.0,103.0,125.0,300.0,290.0
2023-06-04,0,156,206,117.0,58.0,103.0,134.0,300.0,310.0
2023-06-05,0,154,211,122.0,43.0,125.0,148.0,200.0,200.0
2023-06-06,3,169,206,156.0,64.0,107.0,143.0,200.0,210.0
2023-06-07,0,171,211,144.0,52.0,98.0,121.0,220.0,220.0
2023-06-08,0,174,211,139.0,52.0,103.0,134.0,290.0,280.0
2023-06-09,0,163,189,133.0,54.0,103.0,139.0,270.0,300.0
2023-06-10,0,148,211,128.0,49.0,98.0,116.0,280.0,280.0
2023-06-11,0,156,211,128.0,37.0,89.0,107.0,250.0,250.0
2023-06-12,0,164,211,139.0,44.0,94.0,112.0,210.0,200.0
2023-06-13,0,169,211,139.0,45.0,98.0,121.0,280.0,270.0
2023-06-14,0,164,217,139.0,43.0,112.0,134.0,290.0,290.0
2023-06-15,0,168,239,133.0,45.0,94.0,121.0,300.0,280.0
2023-06-16,0,174,228,139.0,47.0,103.0,130.0,300.0,300.0
2023-06-17,0,172,222,144.0,51.0,116.0,143.0,300.0,290.0
2023-06-18,0,167,206,139.0,89.0,157.0,201.0,270.0,280.0
2023-06-19,0,156,189,128.0,110.0,148.0,192.0,280.0,280.0
2023-06-20,0,154,206,117.0,71.0,143.0,183.0,270.0,270.0
2023-06-21,0,149,200,117.0,60.0,130.0,170.0,280.0,270.0
2023-06-22,0,150,206,122.0,45.0,103.0,143.0,220.0,240.0
2023-06-23,0,162,200,144.0,52.0,103.0,125.0,260.0,270.0
2023-06-24,0,158,194,139.0,62.0,112.0,157.0,270.0,270.0
2023-06-25,0,154,183,128.0,58.0,94.0,121.0,270.0,270.0
2023-06-26,0,147,183,128.0,63.0,116.0,161.0,270.0,280.0
2023-06-27,0,141,183,122.0,60.0,103.0,134.0,280.0,280.0
2023-06-28,0,140,183,122.0,60.0,112.0,143.0,280.0,290.0
2023-06-29,0,154,217,122.0,52.0,107.0,134.0,310.0,310.0
2023-06-30,0,157,217,122.0,60.0,125.0,152.0,300.0,300.0
2023-07-01,0,168,272,122.0,43.0,94.0,112.0,290.0,290.0
2023-07-02,0,213,272,156.0,52.0,107.0,130.0,300.0,300.0
2023-07-03,0,189,228,144.0,46.0,98.0,116.0,290.0,300.0
2023-07-04,0,169,217,133.0,48.0,98.0,125.0,300.0,290.0
2023-07-05,0,168,228,133.0,40.0,89.0,130.0,280.0,290.0
2023-07-06,0,167,200,144.0,59.0,107.0,148.0,280.0,260.0
2023-07-07,0,148,172,128.0,73.0,125.0,161.0,270.0,270.0
2023-07-08,0,152,189,128.0,98.0,143.0,201.0,260.0,260.0
2023-07-09,0,143,178,128.0,64.0,112.0,143.0,270.0,290.0
2023-07-10,0,151,189,122.0,68.0,107.0,143.0,290.0,300.0
2023-07-11,0,157,217,122.0,60.0,112.0,143.0,300.0,310.0
2023-07-12,0,152,189,128.0,62.0,112.0,157.0,300.0,300.0
2023-07-13,0,158,228,122.0,66.0,107.0,143.0,300.0,300.0
2023-07-14,0,168,244,128.0,61.0,107.0,143.0,300.0,310.0
2023-07-15,0,166,261,133.0,57.0,107.0,139.0,300.0,300.0
2023-07-16,0,176,239,139.0,56.0,116.0,143.0,300.0,300.0
2023-07-17,0,185,239,156.0,50.0,103.0,134.0,300.0,300.0
2023-07-18,0,174,211,139.0,66.0,139.0,170.0,290.0,300.0
2023-07-19,0,162,211,139.0,53.0,112.0,148.0,300.0,300.0
2023-07-20,0,165,228,128.0,56.0,139.0,165.0,290.0,300.0
2023-07-21,0,168,228,133.0,67.0,116.0,139.0,310.0,310.0
2023-07-22,0,176,261,128.0,60.0,107.0,134.0,300.0,310.0
2023-07-23,0,179,211,156.0,60.0,112.0,148.0,300.0,290.0
2023-07-24,0,171,211,133.0,63.0,107.0,148.0,290.0,290.0
2023-07-25,0,174,244,139.0,69.0,107.0,152.0,300.0,280.0
2023-07-26,0,176,211,144.0,67.0,112.0,152.0,280.0,290.0
2023-07-27,0,167,206,139.0,60.0,116.0,143.0,270.0,270.0
2023-07-28,0,167,222,133.0,62.0,125.0,148.0,280.0,280.0
2023-07-29,0,171,217,133.0,68.0,116.0,143.0,270.0,280.0
2023-07-30,0,168,233,133.0,60.0,112.0,139.0,280.0,280.0
2023-07-31,0,173,211,139.0,58.0,125.0,157.0,290.0,290.0
2023-08-01,0,172,222,144.0,56.0,112.0,143.0,290.0,290.0
2023-08-02,0,168,194,144.0,60.0,112.0,148.0,270.0,260.0
2023-08-03,0,164,194,144.0,66.0,112.0,152.0,270.0,260.0
2023-08-04,0,169,217,144.0,58.0,130.0,161.0,290.0,290.0
2023-08-05,0,173,239,139.0,58.0,139.0,174.0,290.0,300.0
2023-08-06,0,182,250,139.0,53.0,125.0,157.0,300.0,300.0
2023-08-07,0,197,267,150.0,52.0,116.0,148.0,290.0,290.0
2023-08-08,0,177,239,139.0,38.0,76.0,112.0,250.0,230.0
2023-08-09,0,184,239,144.0,47.0,94.0,121.0,290.0,310.0
2023-08-10,0,185,272,150.0,34.0,76.0,103.0,310.0,290.0
2023-08-11,0,196,256,167.0,45.0,107.0,143.0,290.0,280.0
2023-08-12,0,188,239,150.0,48.0,112.0,139.0,300.0,300.0
2023-08-13,0,183,256,144.0,51.0,112.0,139.0,300.0,300.0
2023-08-14,0,190,233,156.0,51.0,116.0,143.0,300.0,300.0
2023-08-15,0,192,267,150.0,56.0,107.0,134.0,300.0,300.0
2023-08-16,0,190,250,156.0,58.0,112.0,139.0,300.0,300.0
2023-08-17,0,191,239,156.0,60.0,107.0,139.0,300.0,290.0
2023-08-18,0,201,267,172.0,41.0,94.0,116.0,290.0,310.0
2023-08-19,0,197,250,167.0,47.0,107.0,125.0,300.0,300.0
2023-08-20,0,201,317,161.0,42.0,103.0,134.0,290.0,300.0
2023-08-21,8,213,239,172.0,55.0,116.0,183.0,180.0,200.0
2023-08-22,0,216,256,178.0,48.0,103.0,130.0,290.0,290.0
2023-08-23,0,213,317,172.0,41.0,112.0,139.0,280.0,290.0
2023-08-24,0,234,278,178.0,43.0,89.0,107.0,230.0,240.0
2023-08-25,0,198,222,161.0,59.0,107.0,139.0,280.0,280.0
2023-08-26,0,175,206,150.0,66.0,125.0,152.0,290.0,300.0
2023-08-27,0,173,211,144.0,60.0,134.0,165.0,280.0,280.0
2023-08-28,0,182,233,150.0,77.0,125.0,165.0,290.0,290.0
2023-08-29,0,186,244,144.0,66.0,116.0,148.0,280.0,280.0
2023-08-30,0,210,328,161.0,41.0,112.0,143.0,280.0,280.0
2023-08-31,0,199,244,150.0,53.0,116.0,157.0,260.0,260.0
2023-09-01,0,185,217,156.0,46.0,89.0,112.0,280.0,280.0
2023-09-02,0,193,233,172.0,28.0,67.0,81.0,310.0,300.0
2023-09-03,0,195,239,161.0,48.0,94.0,125.0,280.0,270.0
2023-09-04,0,183,211,150.0,58.0,103.0,134.0,280.0,280.0
2023-09-05,0,181,239,144.0,47.0,107.0,125.0,300.0,300.0
2023-09-06,0,178,244,139.0,39.0,81.0,103.0,290.0,290.0
2023-09-07,0,181,217,144.0,44.0,98.0,134.0,300.0,310.0
2023-09-08,0,174,244,139.0,45.0,107.0,134.0,300.0,310.0
2023-09-09,0,173,233,139.0,59.0,103.0,130.0,300.0,320.0
2023-09-10,0,168,233,128.0,52.0,112.0,134.0,290.0,300.0
2023-09-11,0,182,222,150.0,58.0,134.0,192.0,270.0,270.0
2023-09-12,0,182,233,156.0,39.0,89.0,112.0,310.0,310.0
2023-09-13,0,177,233,144.0,38.0,98.0,116.0,310.0,300.0
2023-09-14,0,174,233,144.0,34.0,94.0,112.0,300.0,300.0
2023-09-15,0,186,228,161.0,41.0,94.0,121.0,290.0,290.0
2023-09-16,0,187,228,172.0,42.0,89.0,121.0,280.0,270.0
2023-09-17,0,193,239,161.0,38.0,89.0,134.0,260.0,250.0
2023-09-18,0,194,233,161.0,43.0,98.0,121.0,280.0,290.0
2023-09-19,0,184,228,156.0,47.0,103.0,130.0,290.0,290.0
2023-09-20,0,175,228,144.0,29.0,81.0,98.0,250.0,260.0
2023-09-21,0,176,233,139.0,27.0,67.0,94.0,230.0,180.0
2023-09-22,0,177,211,139.0,36.0,76.0,103.0,280.0,280.0
2023-09-23,0,167,211,128.0,44.0,89.0,116.0,280.0,280.0
2023-09-24,0,168,228,128.0,31.0,98.0,130.0,290.0,290.0
2023-09-25,0,191,250,150.0,45.0,98.0,130.0,240.0,230.0
2023-09-26,3,212,250,172.0,55.0,112.0,148.0,280.0,280.0
2023-09-27,0,192,244,161.0,67.0,139.0,170.0,280.0,280.0
2023-09-28,0,181,233,144.0,56.0,116.0,148.0,280.0,280.0
2023-09-29,0,177,211,156.0,68.0,112.0,148.0,260.0,270.0
2023-09-30,5,172,194,144.0,50.0,98.0,121.0,270.0,270.0
2023-10-01,0,173,233,139.0,30.0,89.0,107.0,300.0,310.0
2023-10-02,0,163,233,128.0,47.0,103.0,125.0,300.0,300.0
2023-10-03,0,164,239,128.0,33.0,76.0,98.0,300.0,300.0
2023-10-04,0,209,322,161.0,10.0,54.0,58.0,290.0,290.0
2023-10-05,0,244,333,183.0,22.0,89.0,116.0,280.0,290.0
2023-10-06,0,248,333,189.0,28.0,94.0,116.0,290.0,290.0
2023-10-07,0,246,328,172.0,36.0,89.0,112.0,290.0,300.0
2023-10-08,0,186,206,144.0,62.0,116.0,143.0,300.0,290.0
2023-10-09,0,168,233,139.0,30.0,63.0,85.0,200.0,200.0
2023-10-10,0,192,228,156.0,56.0,98.0,134.0,270.0,270.0
2023-10-11,0,182,217,150.0,67.0,103.0,139.0,290.0,290.0
2023-10-12,0,173,250,128.0,35.0,98.0,121.0,290.0,280.0
2023-10-13,0,177,233,128.0,30.0,94.0,134.0,280.0,300.0
2023-10-14,0,189,233,161.0,30.0,89.0,116.0,280.0,290.0
2023-10-15,0,189,250,139.0,38.0,89.0,116.0,300.0,300.0
2023-10-16,0,172,244,133.0,37.0,89.0,116.0,280.0,280.0
2023-10-17,0,187,250,150.0,45.0,112.0,148.0,290.0,290.0
2023-10-18,0,181,300,144.0,16.0,67.0,81.0,290.0,300.0
2023-10-19,0,225,311,161.0,24.0,76.0,89.0,300.0,300.0
2023-10-20,0,189,228,156.0,29.0,72.0,98.0,230.0,310.0
2023-10-21,0,178,222,139.0,32.0,81.0,116.0,280.0,240.0
2023-10-22,0,183,211,167.0,43.0,81.0,107.0,250.0,250.0
2023-10-23,0,182,222,156.0,38.0,98.0,125.0,270.0,300.0
2023-10-24,0,164,217,139.0,41.0,112.0,143.0,280.0,270.0
2023-10-25,0,159,200,144.0,54.0,112.0,148.0,270.0,270.0
2023-10-26,0,151,194,100.0,45.0,98.0,125.0,280.0,290.0
2023-10-27,0,138,183,100.0,49.0,103.0,134.0,280.0,290.0
2023-10-28,0,144,211,94.0,38.0,89.0,116.0,290.0,290.0
2023-10-29,0,171,233,100.0,32.0,89.0,103.0,60.0,60.0
2023-10-30,0,157,233,100.0,15.0,58.0,67.0,290.0,300.0
2023-10-31,0,158,233,100.0,5.0,27.0,31.0,190.0,30.0
2023-11-01,0,162,228,100.0,15.0,54.0,67.0,290.0,290.0
2023-11-02,0,173,244,122.0,21.0,72.0,89.0,280.0,280.0
2023-11-03,0,187,261,144.0,34.0,94.0,116.0,280.0,280.0
2023-11-04,0,189,239,150.0,35.0,116.0,139.0,290.0,290.0
2023-11-05,10,173,222,150.0,25.0,72.0,89.0,230.0,190.0
2023-11-06,3,188,211,156.0,38.0,72.0,89.0,220.0,230.0
2023-11-07,0,164,189,139.0,49.0,103.0,125.0,290.0,260.0
2023-11-08,0,151,239,100.0,28.0,81.0,98.0,280.0,290.0
2023-11-09,0,139,189,89.0,30.0,94.0,107.0,290.0,290.0
2023-11-10,0,139,217,94.0,20.0,76.0,89.0,290.0,280.0
2023-11-11,0,153,217,106.0,20.0,72.0,94.0,290.0,290.0
2023-11-12,0,154,211,106.0,22.0,63.0,76.0,280.0,290.0
2023-11-13,0,158,194,111.0,19.0,76.0,94.0,230.0,230.0
2023-11-14,8,165,228,133.0,33.0,94.0,130.0,170.0,200.0
2023-11-15,15,169,200,144.0,27.0,76.0,103.0,150.0,200.0
2023-11-16,51,166,206,144.0,16.0,45.0,54.0,60.0,250.0
2023-11-17,74,168,183,139.0,25.0,72.0,103.0,130.0,150.0
2023-11-18,122,169,183,133.0,60.0,143.0,188.0,300.0,310.0
2023-11-19,0,146,172,106.0,47.0,89.0,103.0,290.0,360.0
2023-11-20,0,152,206,111.0,30.0,98.0,125.0,10.0,10.0
2023-11-21,0,139,178,89.0,19.0,40.0,45.0,90.0,290.0
2023-11-22,0,136,194,89.0,12.0,63.0,67.0,290.0,290.0
2023-11-23,0,155,211,111.0,34.0,81.0,98.0,290.0,290.0
2023-11-24,0,152,172,111.0,38.0,98.0,116.0,10.0,20.0
2023-11-25,0,129,178,83.0,28.0,67.0,76.0,50.0,60.0
2023-11-26,0,128,167,78.0,14.0,31.0,45.0,70.0,140.0
2023-11-27,0,119,183,72.0,13.0,54.0,63.0,60.0,70.0
2023-11-28,20,124,167,72.0,11.0,36.0,45.0,160.0,170.0
2023-11-29,58,139,172,117.0,27.0,67.0,85.0,290.0,290.0
2023-11-30,0,143,172,117.0,60.0,116.0,148.0,290.0,290.0
2023-12-01,0,133,167,94.0,40.0,94.0,112.0,290.0,300.0
2023-12-02,10,142,178,128.0,25.0,58.0,72.0,260.0,260.0
2023-12-03,0,152,183,133.0,24.0,54.0,63.0,290.0,290.0
2023-12-04,0,139,172,106.0,17.0,63.0,81.0,290.0,300.0
2023-12-05,0,131,189,111.0,9.0,36.0,49.0,30.0,20.0
2023-12-06,28,143,178,94.0,41.0,107.0,134.0,150.0,190.0
2023-12-07,3,139,172,94.0,37.0,89.0,116.0,190.0,200.0
2023-12-08,0,111,150,67.0,30.0,81.0,107.0,360.0,350.0
2023-12-09,0,114,161,61.0,23.0,58.0,67.0,140.0,360.0
2023-12-10,0,113,150,72.0,10.0,36.0,54.0,350.0,340.0
2023-12-11,0,113,172,67.0,23.0,76.0,94.0,280.0,290.0
2023-12-12,0,137,161,106.0,21.0,89.0,103.0,280.0,280.0
2023-12-13,0,123,172,83.0,13.0,40.0,49.0,130.0,130.0
2023-12-14,0,123,156,78.0,10.0,54.0,63.0,90.0,80.0
2023-12-15,0,125,172,89.0,18.0,45.0,54.0,80.0,80.0
2023-12-16,0,128,178,78.0,15.0,40.0,54.0,150.0,140.0
2023-12-17,18,136,150,106.0,16.0,63.0,76.0,60.0,60.0
2023-12-18,203,133,178,117.0,47.0,107.0,143.0,170.0,180.0
2023-12-19,48,169,183,150.0,47.0,112.0,161.0,200.0,200.0
2023-12-20,330,149,156,128.0,38.0,76.0,98.0,70.0,120.0
2023-12-21,0,143,167,117.0,11.0,40.0,49.0,50.0,150.0
2023-12-22,0,139,172,117.0,44.0,125.0,157.0,280.0,280.0
2023-12-23,0,125,167,83.0,19.0,72.0,85.0,290.0,290.0
2023-12-24,0,107,139,67.0,13.0,54.0,63.0,300.0,300.0
2023-12-25,0,108,156,72.0,17.0,58.0,67.0,290.0,270.0
2023-12-26,0,117,144,89.0,15.0,67.0,81.0,130.0,140.0
2023-12-27,53,138,161,117.0,47.0,107.0,134.0,130.0,150.0
2023-12-28,3,142,172,133.0,12.0,45.0,49.0,40.0,30.0
2023-12-29,249,155,183,133.0,43.0,107.0,152.0,180.0,180.0
2023-12-30,48,137,167,111.0,34.0,72.0,94.0,270.0,300.0
2023-12-31,0,121,144,94.0,13.0,31.0,40.0,60.0,80.0
2024-01-01,0,121,156,89.0,17.0,58.0,67.0,70.0,60.0
2024-01-02,66,118,178,83.0,38.0,143.0,197.0,270.0,270.0
2024-01-03,46,118,150,94.0,53.0,116.0,152.0,310.0,310.0
2024-01-04,0,116,161,83.0,31.0,89.0,121.0,280.0,260.0
2024-01-05,0,136,167,100.0,20.0,58.0,72.0,290.0,290.0
2024-01-06,36,113,139,72.0,50.0,139.0,170.0,270.0,270.0
2024-01-07,0,93,133,39.0,28.0,67.0,89.0,300.0,310.0
2024-01-08,0,92,128,44.0,19.0,45.0,58.0,280.0,270.0
2024-01-09,18,118,144,94.0,55.0,134.0,161.0,290.0,300.0
2024-01-10,51,106,139,67.0,63.0,139.0,206.0,310.0,280.0
2024-01-11,0,98,122,56.0,30.0,89.0,121.0,320.0,330.0
2024-01-12,0,93,122,56.0,20.0,58.0,67.0,280.0,270.0
2024-01-13,150,105,139,83.0,38.0,107.0,143.0,210.0,220.0
2024-01-14,10,132,150,100.0,34.0,89.0,103.0,290.0,290.0
2024-01-15,0,116,150,100.0,19.0,63.0,76.0,80.0,70.0
2024-01-16,135,113,139,89.0,19.0,63.0,98.0,110.0,160.0
2024-01-17,0,124,156,94.0,26.0,67.0,81.0,280.0,290.0
2024-01-18,0,112,156,83.0,10.0,54.0,58.0,30.0,30.0
2024-01-19,61,121,144,100.0,25.0,63.0,89.0,100.0,170.0
2024-01-20,43,134,150,122.0,46.0,89.0,148.0,190.0,220.0
2024-01-21,102,133,167,117.0,41.0,94.0,139.0,180.0,200.0
2024-01-22,147,142,161,122.0,37.0,89.0,112.0,290.0,160.0
2024-01-23,0,132,150,117.0,36.0,76.0,94.0,260.0,270.0
2024-01-24,127,126,156,111.0,34.0,81.0,139.0,190.0,200.0
2024-01-25,0,131,161,94.0,30.0,72.0,94.0,280.0,290.0
2024-01-26,0,124,156,106.0,10.0,36.0,45.0,100.0,90.0
2024-01-27,0,132,156,106.0,16.0,45.0,58.0,30.0,140.0
2024-01-28,0,144,189,117.0,17.0,45.0,63.0,180.0,170.0
2024-01-29,0,138,189,94.0,11.0,45.0,63.0,360.0,360.0
2024-01-30,0,146,178,122.0,31.0,103.0,179.0,190.0,200.0
2024-01-31,290,152,161,117.0,64.0,130.0,188.0,180.0,160.0
2024-02-01,104,121,150,106.0,32.0,89.0,107.0,270.0,250.0
2024-02-02,33,118,144,89.0,31.0,94.0,116.0,280.0,270.0
2024-02-03,145,103,128,89.0,40.0,98.0,130.0,80.0,140.0
2024-02-04,297,116,167,94.0,120.0,210.0,344.0,180.0,180.0
2024-02-05,18,127,156,106.0,47.0,134.0,192.0,200.0,190.0
2024-02-06,0,107,144,67.0,35.0,94.0,116.0,280.0,270.0
2024-02-07,86,108,122,94.0,68.0,148.0,197.0,280.0,290.0
2024-02-08,0,90,133,44.0,26.0,89.0,107.0,300.0,280.0
2024-02-09,0,91,139,50.0,22.0,76.0,94.0,290.0,300.0
2024-02-10,0,113,161,72.0,39.0,81.0,98.0,280.0,360.0
2024-02-11,0,108,150,67.0,27.0,67.0,81.0,290.0,290.0
2024-02-12,0,108,150,78.0,25.0,72.0,98.0,280.0,280.0
2024-02-13,0,113,139,83.0,24.0,67.0,85.0,300.0,270.0
2024-02-14,28,116,150,94.0,39.0,116.0,165.0,170.0,200.0
2024-02-15,0,119,161,89.0,26.0,67.0,85.0,270.0,280.0
2024-02-16,0,116,144,94.0,12.0,45.0,72.0,190.0,180.0
2024-02-17,97,126,144,106.0,36.0,134.0,174.0,180.0,180.0
2024-02-18,81,128,189,83.0,51.0,157.0,228.0,190.0,190.0
2024-02-19,58,144,178,122.0,101.0,192.0,268.0,200.0,200.0
2024-02-20,140,135,144,100.0,28.0,76.0,139.0,180.0,170.0
2024-02-21,0,109,150,67.0,28.0,76.0,139.0,180.0,170.0
2024-02-22,0,117,150,89.0,21.0,40.0,54.0,290.0,350.0
2024-02-23,0,123,183,78.0,14.0,72.0,89.0,80.0,80.0
2024-02-24,0,142,206,89.0,10.0,54.0,63.0,280.0,290.0
2024-02-25,0,145,183,94.0,21.0,89.0,116.0,270.0,280.0
2024-02-26,3,136,167,111.0,40.0,98.0,121.0,290.0,290.0
2024-02-27,0,121,167,83.0,42.0,76.0,103.0,280.0,290.0
2024-02-28,0,116,183,67.0,26.0,81.0,116.0,290.0,290.0
2024-02-29,79,123,144,100.0,52.0,139.0,206.0,200.0,200.0
2024-03-01,249,119,144,94.0,80.0,192.0,241.0,210.0,200.0
2024-03-02,79,108,128,72.0,75.0,148.0,201.0,280.0,270.0
2024-03-03,46,96,122,78.0,33.0,125.0,165.0,250.0,250.0
2024-03-04,5,100,139,78.0,30.0,67.0,89.0,150.0,230.0
2024-03-05,0,121,156,94.0,34.0,81.0,125.0,220.0,220.0
2024-03-06,86,130,150,106.0,35.0,98.0,121.0,280.0,280.0
2024-03-07,0,114,156,94.0,41.0,103.0,139.0,290.0,280.0
2024-03-08,0,117,183,67.0,32.0,89.0,121.0,290.0,290.0
2024-03-09,0,124,161,94.0,31.0,67.0,89.0,260.0,270.0
2024-03-10,15,118,167,83.0,35.0,72.0,121.0,160.0,180.0
2024-03-11,20,123,150,89.0,37.0,72.0,98.0,280.0,280.0
2024-03-12,25,127,161,106.0,63.0,107.0,134.0,290.0,290.0
2024-03-13,0,119,167,83.0,54.0,116.0,139.0,290.0,290.0
2024-03-14,0,154,189,139.0,74.0,148.0,179.0,30.0,30.0
2024-03-15,0,171,228,144.0,49.0,125.0,148.0,30.0,30.0
2024-03-16,0,167,217,122.0,36.0,98.0,130.0,290.0,290.0
2024-03-17,0,138,183,100.0,40.0,103.0,130.0,290.0,280.0
2024-03-18,0,137,178,106.0,53.0,103.0,125.0,300.0,300.0
2024-03-19,0,129,167,111.0,54.0,107.0,148.0,290.0,290.0
2024-03-20,0,130,178,94.0,46.0,103.0,130.0,300.0,290.0
2024-03-21,0,138,194,111.0,35.0,89.0,116.0,310.0,310.0
2024-03-22,41,147,194,111.0,51.0,112.0,188.0,190.0,180.0
2024-03-23,30,126,156,100.0,54.0,107.0,139.0,240.0,250.0
2024-03-24,33,123,156,100.0,87.0,161.0,206.0,290.0,290.0
2024-03-25,0,126,150,111.0,80.0,130.0,161.0,270.0,270.0
2024-03-26,0,126,156,106.0,62.0,98.0,125.0,280.0,270.0
2024-03-27,41,119,144,89.0,41.0,94.0,148.0,210.0,210.0
2024-03-28,41,131,161,100.0,33.0,81.0,116.0,270.0,290.0
2024-03-29,147,113,122,94.0,57.0,161.0,192.0,120.0,120.0
2024-03-30,15,117,172,89.0,33.0,76.0,116.0,350.0,150.0
2024-03-31,0,132,183,100.0,35.0,98.0,130.0,250.0,280.0
2024-04-01,0,137,217,89.0,32.0,89.0,107.0,280.0,290.0
2024-04-02,0,147,194,100.0,45.0,103.0,125.0,290.0,290.0
2024-04-03,0,128,150,106.0,61.0,125.0,152.0,280.0,270.0
2024-04-04,127,107,128,67.0,51.0,125.0,157.0,250.0,210.0
2024-04-05,0,92,139,67.0,76.0,161.0,197.0,280.0,300.0
2024-04-06,0,112,150,83.0,52.0,89.0,134.0,290.0,280.0
2024-04-07,0,119,156,83.0,62.0,130.0,161.0,280.0,290.0
2024-04-08,0,127,189,83.0,48.0,112.0,143.0,280.0,290.0
2024-04-09,0,137,217,89.0,38.0,107.0,139.0,290.0,290.0
2024-04-10,0,141,222,94.0,41.0,103.0,130.0,290.0,290.0
2024-04-11,0,153,217,106.0,59.0,130.0,170.0,280.0,280.0
2024-04-12,0,131,161,106.0,67.0,107.0,161.0,190.0,200.0
2024-04-13,56,117,133,89.0,67.0,107.0,143.0,140.0,150.0
2024-04-14,13,113,161,94.0,58.0,98.0,130.0,60.0,50.0
2024-04-15,0,128,183,100.0,36.0,94.0,107.0,280.0,300.0
2024-04-16,0,141,222,100.0,37.0,94.0,112.0,300.0,290.0
2024-04-17,0,154,244,111.0,41.0,98.0,121.0,290.0,290.0
2024-04-18,0,151,217,111.0,50.0,107.0,125.0,290.0,300.0
2024-04-19,0,135,183,100.0,42.0,94.0,121.0,300.0,300.0
2024-04-20,0,139,194,106.0,55.0,125.0,157.0,280.0,290.0
2024-04-21,0,157,222,117.0,49.0,103.0,134.0,300.0,300.0
2024-04-22,0,162,222,122.0,39.0,107.0,143.0,210.0,210.0
2024-04-23,0,147,167,133.0,57.0,98.0,157.0,190.0,190.0
2024-04-24,0,149,167,122.0,46.0,89.0,116.0,260.0,290.0
2024-04-25,0,140,172,122.0,66.0,116.0,170.0,280.0,290.0
2024-04-26,0,145,172,117.0,103.0,165.0,201.0,280.0,280.0
2024-04-27,0,137,183,106.0,72.0,143.0,192.0,270.0,280.0
2024-04-28,0,134,178,111.0,98.0,157.0,206.0,280.0,290.0
2024-04-29,0,141,189,106.0,84.0,170.0,201.0,280.0,280.0
2024-04-30,0,130,183,94.0,76.0,139.0,170.0,270.0,270.0
2024-05-01,0,146,222,94.0,59.0,116.0,157.0,290.0,270.0
2024-05-02,0,148,194,111.0,89.0,170.0,215.0,270.0,270.0
2024-05-03,0,141,206,106.0,69.0,139.0,183.0,270.0,280.0
2024-05-04,241,127,139,100.0,53.0,148.0,188.0,270.0,270.0
2024-05-05,0,119,156,89.0,76.0,130.0,170.0,280.0,290.0
2024-05-06,0,129,200,94.0,60.0,103.0,103.0,280.0,290.0
2024-05-07,0,136,172,106.0,48.0,76.0,103.0,270.0,280.0
2024-05-08,0,166,244,111.0,47.0,103.0,152.0,280.0,10.0
2024-05-09,0,212,289,156.0,36.0,89.0,112.0,280.0,310.0
2024-05-10,0,188,267,133.0,40.0,98.0,125.0,310.0,300.0
2024-05-11,0,177,211,122.0,53.0,103.0,134.0,320.0,310.0
2024-05-12,0,148,178,111.0,59.0,125.0,152.0,300.0,290.0
2024-05-13,0,134,183,111.0,58.0,116.0,139.0,300.0,290.0
2024-05-14,0,141,194,111.0,47.0,112.0,139.0,300.0,300.0
2024-05-15,0,145,200,117.0,43.0,103.0,143.0,310.0,310.0
2024-05-16,0,156,211,122.0,37.0,76.0,107.0,260.0,250.0
2024-05-17,0,156,211,122.0,43.0,89.0,125.0,300.0,300.0
2024-05-18,0,156,206,122.0,35.0,89.0,116.0,250.0,270.0
2024-05-19,0,151,206,111.0,51.0,134.0,192.0,270.0,270.0
2024-05-20,0,150,222,111.0,45.0,94.0,125.0,300.0,290.0
2024-05-21,0,159,250,111.0,48.0,107.0,134.0,280.0,290.0
2024-05-22,0,158,200,122.0,73.0,148.0,183.0,280.0,280.0
2024-05-23,0,145,189,111.0,78.0,130.0,161.0,280.0,280.0
2024-05-24,0,128,150,111.0,75.0,130.0,170.0,260.0,260.0
2024-05-25,0,134,167,117.0,64.0,103.0,143.0,270.0,270.0
2024-05-26,0,140,211,106.0,49.0,116.0,143.0,280.0,290.0
2024-05-27,0,144,183,111.0,53.0,103.0,139.0,280.0,290.0
2024-05-28,0,147,200,117.0,69.0,161.0,201.0,270.0,270.0
2024-05-29,0,164,250,117.0,64.0,130.0,157.0,290.0,290.0
2024-05-30,0,169,244,117.0,53.0,103.0,125.0,300.0,300.0
2024-05-31,0,173,228,128.0,54.0,116.0,143.0,300.0,300.0
2024-06-01,0,149,183,122.0,88.0,170.0,237.0,270.0,270.0
2024-06-02,0,148,206,122.0,95.0,143.0,197.0,280.0,280.0
2024-06-03,0,163,206,122.0,82.0,130.0,161.0,290.0,280.0
2024-06-04,0,161,256,117.0,65.0,161.0,192.0,280.0,280.0
2024-06-05,0,186,267,128.0,60.0,116.0,148.0,300.0,300.0
2024-06-06,0,155,183,117.0,73.0,125.0,152.0,290.0,310.0
2024-06-07,0,151,217,117.0,40.0,89.0,116.0,290.0,250.0
2024-06-08,0,156,200,122.0,58.0,130.0,152.0,290.0,290.0
2024-06-09,0,154,183,122.0,60.0,112.0,157.0,250.0,260.0
2024-06-10,0,144,200,111.0,55.0,112.0,139.0,300.0,310.0
2024-06-11,0,157,272,111.0,52.0,107.0,134.0,300.0,290.0
2024-06-12,0,163,217,117.0,44.0,89.0,107.0,300.0,300.0
2024-06-13,0,157,194,117.0,44.0,112.0,157.0,280.0,270.0
2024-06-14,0,141,194,111.0,69.0,157.0,188.0,270.0,280.0
2024-06-15,0,149,206,111.0,97.0,143.0,183.0,280.0,290.0
2024-06-16,0,144,200,106.0,95.0,192.0,246.0,280.0,280.0
2024-06-17,0,154,233,106.0,65.0,143.0,183.0,270.0,270.0
2024-06-18,0,169,222,117.0,59.0,134.0,165.0,270.0,280.0
2024-06-19,0,138,172,106.0,64.0,112.0,161.0,280.0,310.0
2024-06-20,0,129,172,106.0,57.0,112.0,152.0,280.0,280.0
2024-06-21,0,133,189,106.0,59.0,116.0,152.0,300.0,290.0
2024-06-22,0,138,206,100.0,48.0,98.0,116.0,300.0,290.0
2024-06-23,0,152,194,122.0,66.0,125.0,143.0,300.0,300.0
2024-06-24,0,155,233,111.0,60.0,103.0,121.0,300.0,300.0
2024-06-25,0,158,222,117.0,63.0,112.0,139.0,290.0,300.0
2024-06-26,0,141,183,117.0,75.0,125.0,165.0,270.0,270.0
2024-06-27,0,147,189,111.0,77.0,130.0,165.0,280.0,280.0
2024-06-28,0,152,228,111.0,51.0,98.0,125.0,310.0,310.0
2024-06-29,0,157,233,117.0,45.0,112.0,143.0,300.0,300.0
2024-06-30,0,178,211,122.0,74.0,148.0,183.0,280.0,250.0
2024-07-01,0,161,233,122.0,56.0,125.0,148.0,300.0,300.0
2024-07-02,0,191,311,139.0,36.0,98.0,121.0,310.0,290.0
2024-07-03,0,225,300,167.0,45.0,89.0,116.0,300.0,290.0
2024-07-04,0,211,306,133.0,50.0,103.0,130.0,290.0,300.0
2024-07-05,0,185,250,128.0,63.0,116.0,148.0,290.0,290.0
2024-07-06,0,177,244,133.0,64.0,107.0,134.0,320.0,320.0
2024-07-07,0,173,222,133.0,62.0,116.0,157.0,300.0,310.0
2024-07-08,0,164,217,133.0,63.0,130.0,157.0,290.0,290.0
2024-07-09,0,164,222,144.0,57.0,98.0,125.0,300.0,300.0
2024-07-10,0,172,233,139.0,51.0,103.0,121.0,310.0,300.0
2024-07-11,0,182,272,133.0,52.0,103.0,125.0,300.0,300.0
2024-07-12,0,173,211,122.0,67.0,125.0,157.0,300.0,300.0
2024-07-13,0,156,222,122.0,49.0,89.0,116.0,320.0,330.0
2024-07-14,0,166,206,133.0,53.0,94.0,130.0,300.0,310.0
2024-07-15,0,162,211,133.0,50.0,98.0,134.0,280.0,290.0
2024-07-16,0,169,211,139.0,59.0,112.0,148.0,280.0,290.0
2024-07-17,0,156,194,128.0,66.0,125.0,157.0,270.0,270.0
2024-07-18,0,160,211,128.0,68.0,134.0,165.0,300.0,300.0
2024-07-19,0,173,272,122.0,59.0,130.0,165.0,300.0,290.0
2024-07-20,0,173,200,133.0,75.0,139.0,179.0,280.0,280.0
2024-07-21,0,149,178,128.0,58.0,98.0,130.0,280.0,270.0
2024-07-22,0,159,239,122.0,47.0,98.0,130.0,300.0,300.0
2024-07-23,0,174,256,128.0,47.0,107.0,130.0,300.0,290.0
2024-07-24,0,202,267,150.0,55.0,112.0,143.0,290.0,300.0
2024-07-25,0,181,250,139.0,60.0,116.0,165.0,290.0,300.0
2024-07-26,0,157,189,122.0,70.0,139.0,170.0,300.0,290.0
2024-07-27,0,138,156,128.0,51.0,94.0,121.0,280.0,270.0
2024-07-28,0,149,211,128.0,48.0,103.0,139.0,290.0,290.0
2024-07-29,0,149,189,128.0,52.0,107.0,139.0,270.0,290.0
2024-07-30,0,163,206,139.0,60.0,130.0,161.0,280.0,280.0
2024-07-31,0,159,200,128.0,57.0,107.0,134.0,300.0,300.0
2024-08-01,0,147,200,122.0,65.0,130.0,157.0,290.0,300.0
2024-08-02,0,148,200,122.0,71.0,125.0,161.0,300.0,300.0
2024-08-03,0,158,211,122.0,70.0,125.0,148.0,300.0,310.0
2024-08-04,0,142,178,122.0,64.0,112.0,143.0,300.0,300.0
2024-08-05,0,138,172,117.0,60.0,112.0,139.0,300.0,300.0
2024-08-06,0,151,233,117.0,51.0,112.0,157.0,300.0,300.0
2024-08-07,0,158,222,122.0,60.0,134.0,157.0,290.0,290.0
2024-08-08,0,140,183,111.0,72.0,125.0,152.0,290.0,290.0
2024-08-09,0,138,183,106.0,63.0,103.0,139.0,270.0,260.0
2024-08-10,0,141,178,117.0,54.0,130.0,152.0,300.0,300.0
2024-08-11,0,144,178,117.0,59.0,112.0,148.0,300.0,300.0
2024-08-12,0,144,189,117.0,59.0,107.0,152.0,270.0,270.0
2024-08-13,0,154,206,122.0,56.0,103.0,143.0,290.0,290.0
2024-08-14,0,154,206,111.0,67.0,130.0,170.0,280.0,270.0
2024-08-15,0,153,200,117.0,79.0,125.0,170.0,280.0,280.0
2024-08-16,0,159,222,106.0,66.0,143.0,188.0,280.0,270.0
2024-08-17,0,179,228,144.0,51.0,103.0,121.0,270.0,280.0
2024-08-18,0,171,206,133.0,61.0,130.0,165.0,280.0,270.0
2024-08-19,0,156,211,111.0,68.0,130.0,161.0,270.0,280.0
2024-08-20,0,169,244,117.0,54.0,130.0,165.0,280.0,280.0
2024-08-21,0,169,217,133.0,63.0,103.0,139.0,270.0,280.0
2024-08-22,0,161,200,139.0,73.0,116.0,161.0,270.0,270.0
2024-08-23,0,159,194,133.0,31.0,89.0,107.0,290.0,290.0
2024-08-24,25,175,222,144.0,47.0,94.0,139.0,280.0,280.0
2024-08-25,0,180,256,133.0,42.0,107.0,161.0,280.0,260.0
2024-08-26,0,191,283,133.0,50.0,112.0,134.0,300.0,300.0
2024-08-27,0,178,300,128.0,40.0,89.0,112.0,290.0,300.0
2024-08-28,0,189,217,133.0,50.0,107.0,134.0,300.0,300.0
2024-08-29,0,166,217,139.0,39.0,89.0,112.0,290.0,310.0
2024-08-30,0,168,217,144.0,58.0,112.0,134.0,280.0,290.0
2024-08-31,0,172,200,150.0,69.0,112.0,152.0,290.0,300.0
2024-09-01,0,170,222,139.0,66.0,112.0,148.0,280.0,280.0
2024-09-02,0,179,217,144.0,61.0,107.0,143.0,280.0,280.0
2024-09-03,0,176,289,106.0,38.0,112.0,143.0,300.0,290.0
2024-09-04,0,178,222,128.0,55.0,112.0,148.0,290.0,300.0
2024-09-05,0,156,244,117.0,51.0,112.0,161.0,300.0,310.0
2024-09-06,0,152,211,117.0,74.0,116.0,161.0,300.0,300.0
2024-09-07,0,143,189,117.0,75.0,107.0,152.0,300.0,280.0
2024-09-08,0,141,217,106.0,57.0,112.0,139.0,290.0,290.0
2024-09-09,0,144,206,117.0,55.0,94.0,112.0,300.0,300.0
2024-09-10,0,148,194,111.0,55.0,107.0,148.0,280.0,290.0
2024-09-11,0,148,194,117.0,89.0,170.0,224.0,280.0,290.0
2024-09-12,0,152,228,106.0,52.0,112.0,134.0,300.0,280.0
2024-09-13,0,162,228,117.0,48.0,107.0,143.0,300.0,300.0
2024-09-14,0,146,211,117.0,40.0,94.0,121.0,300.0,300.0
2024-09-15,0,142,178,122.0,98.0,165.0,210.0,270.0,270.0
2024-09-16,0,147,194,122.0,54.0,143.0,197.0,270.0,280.0
2024-09-17,0,149,183,122.0,47.0,98.0,134.0,270.0,280.0
2024-09-18,0,163,217,128.0,49.0,98.0,98.0,190.0,190.0
2024-09-19,0,152,189,122.0,47.0,98.0,125.0,310.0,300.0
2024-09-20,0,154,194,128.0,46.0,98.0,130.0,300.0,300.0
2024-09-21,0,152,211,122.0,37.0,89.0,112.0,300.0,310.0
2024-09-22,0,153,217,122.0,39.0,112.0,143.0,300.0,300.0
2024-09-23,0,158,300,117.0,27.0,94.0,130.0,290.0,300.0
2024-09-24,0,211,261,144.0,35.0,94.0,116.0,300.0,290.0
2024-09-25,0,170,211,133.0,38.0,98.0,121.0,280.0,320.0
2024-09-26,0,157,206,133.0,49.0,107.0,134.0,300.0,290.0
2024-09-27,0,173,300,128.0,30.0,94.0,112.0,280.0,300.0
2024-09-28,0,183,189,133.0,64.0,107.0,139.0,290.0,290.0
2024-09-29,0,152,194,133.0,41.0,98.0,125.0,300.0,310.0
2024-09-30,0,171,306,122.0,26.0,98.0,121.0,290.0,290.0
2024-10-01,0,223,344,161.0,18.0,76.0,103.0,300.0,290.0
2024-10-02,0,242,333,183.0,26.0,67.0,81.0,310.0,290.0
2024-10-03,0,221,311,161.0,33.0,89.0,98.0,290.0,310.0
2024-10-04,0,190,278,144.0,42.0,116.0,157.0,300.0,300.0
2024-10-05,0,216,344,167.0,21.0,94.0,107.0,290.0,290.0
2024-10-06,0,251,367,200.0,19.0,89.0,116.0,290.0,280.0
2024-10-07,0,252,306,172.0,42.0,103.0,125.0,290.0,290.0
2024-10-08,0,185,217,139.0,68.0,116.0,170.0,300.0,310.0
2024-10-09,0,152,183,106.0,51.0,98.0,125.0,320.0,310.0
2024-10-10,0,157,189,122.0,52.0,103.0,125.0,300.0,290.0
2024-10-11,0,146,217,111.0,36.0,94.0,116.0,270.0,300.0
2024-10-12,0,166,222,133.0,27.0,58.0,67.0,30.0,40.0
2024-10-13,0,194,239,139.0,46.0,107.0,134.0,280.0,270.0
2024-10-14,0,155,183,133.0,50.0,107.0,139.0,290.0,280.0
2024-10-15,0,160,222,122.0,46.0,103.0,130.0,290.0,270.0
2024-10-16,0,169,200,139.0,51.0,103.0,134.0,280.0,280.0
2024-10-17,0,156,189,128.0,80.0,134.0,170.0,290.0,300.0
2024-10-18,0,179,228,139.0,51.0,89.0,121.0,290.0,350.0
2024-10-19,0,184,261,122.0,18.0,76.0,94.0,280.0,280.0
2024-10-20,0,173,244,111.0,22.0,67.0,85.0,290.0,290.0
2024-10-21,0,151,200,106.0,48.0,98.0,121.0,280.0,280.0
2024-10-22,0,136,189,100.0,44.0,94.0,112.0,290.0,300.0
2024-10-23,0,138,217,94.0,33.0,107.0,130.0,290.0,290.0
2024-10-24,0,161,239,111.0,23.0,89.0,116.0,280.0,280.0
2024-10-25,0,162,233,111.0,23.0,76.0,103.0,300.0,300.0
2024-10-26,0,156,222,100.0,29.0,89.0,107.0,280.0,290.0
2024-10-27,0,167,206,133.0,39.0,89.0,107.0,270.0,260.0
2024-10-28,0,148,178,117.0,60.0,130.0,161.0,280.0,290.0
2024-10-29,0,128,178,89.0,40.0,81.0,107.0,270.0,290.0
2024-10-30,0,121,172,78.0,37.0,81.0,107.0,300.0,300.0
2024-10-31,3,137,183,106.0,49.0,89.0,116.0,280.0,270.0
2024-11-01,3,138,200,94.0,36.0,72.0,94.0,190.0,190.0
2024-11-02,3,154,178,128.0,63.0,125.0,152.0,290.0,280.0
2024-11-03,0,146,200,111.0,60.0,125.0,152.0,290.0,280.0
2024-11-04,0,159,228,111.0,41.0,103.0,125.0,270.0,260.0
2024-11-05,0,151,217,106.0,47.0,98.0,125.0,350.0,350.0
2024-11-06,0,173,194,128.0,73.0,125.0,165.0,360.0,360.0
2024-11-07,0,157,211,106.0,20.0,54.0,58.0,290.0,140.0
2024-11-08,0,148,211,94.0,21.0,67.0,76.0,300.0,300.0
2024-11-09,0,138,200,83.0,26.0,67.0,81.0,300.0,300.0
2024-11-10,0,136,211,89.0,22.0,67.0,81.0,290.0,300.0
2024-11-11,56,154,172,122.0,43.0,134.0,233.0,300.0,300.0
2024-11-12,0,134,172,94.0,22.0,63.0,76.0,280.0,280.0
2024-11-13,5,128,183,78.0,34.0,94.0,125.0,180.0,190.0
2024-11-14,0,143,172,111.0,38.0,89.0,116.0,280.0,290.0
2024-11-15,0,125,156,100.0,53.0,103.0,130.0,280.0,290.0
2024-11-16,0,115,161,67.0,28.0,63.0,89.0,280.0,300.0
2024-11-17,0,108,156,72.0,22.0,89.0,112.0,280.0,280.0
2024-11-18,0,125,150,83.0,56.0,107.0,139.0,290.0,280.0
2024-11-19,0,103,139,67.0,20.0,45.0,72.0,140.0,130.0
2024-11-20,71,135,178,106.0,72.0,143.0,201.0,160.0,170.0
2024-11-21,127,145,183,128.0,66.0,116.0,179.0,180.0,190.0
2024-11-22,648,159,167,128.0,60.0,130.0,183.0,180.0,170.0
2024-11-23,5,141,156,100.0,28.0,63.0,76.0,250.0,220.0
2024-11-24,0,113,172,67.0,22.0,63.0,85.0,210.0,210.0
2024-11-25,81,131,139,111.0,28.0,72.0,98.0,140.0,150.0
2024-11-26,28,129,144,106.0,20.0,58.0,67.0,360.0,360.0
2024-11-27,0,124,161,89.0,19.0,67.0,76.0,80.0,70.0
2024-11-28,0,109,161,61.0,20.0,54.0,67.0,150.0,150.0
2024-11-29,0,108,150,50.0,16.0,58.0,67.0,60.0,60.0
2024-11-30,0,111,161,61.0,22.0,67.0,81.0,60.0,60.0
2024-12-01,0,158,178,106.0,11.0,31.0,40.0,130.0,160.0
2024-12-02,0,137,178,94.0,19.0,63.0,76.0,290.0,290.0
2024-12-03,0,129,194,83.0,15.0,67.0,85.0,280.0,280.0
2024-12-04,0,131,167,83.0,22.0,72.0,85.0,280.0,300.0
2024-12-05,0,128,172,100.0,17.0,89.0,107.0,290.0,290.0
2024-12-06,0,128,194,89.0,11.0,67.0,81.0,300.0,310.0
2024-12-07,0,129,156,89.0,13.0,58.0,76.0,290.0,290.0
2024-12-08,0,131,189,94.0,12.0,54.0,63.0,290.0,290.0
2024-12-09,0,128,178,78.0,26.0,94.0,112.0,60.0,70.0
2024-12-10,0,125,144,78.0,22.0,72.0,85.0,50.0,120.0
2024-12-11,8,105,144,67.0,22.0,63.0,81.0,170.0,150.0
2024-12-12,196,129,156,106.0,57.0,98.0,121.0,280.0,300.0
2024-12-13,81,124,150,111.0,51.0,130.0,197.0,170.0,180.0
2024-12-14,404,133,144,94.0,77.0,268.0,371.0,190.0,190.0
2024-12-15,0,99,122,61.0,13.0,54.0,58.0,120.0,130.0
2024-12-16,71,105,144,72.0,21.0,94.0,116.0,200.0,180.0
2024-12-17,0,116,133,94.0,14.0,45.0,58.0,10.0,350.0
2024-12-18,0,111,139,78.0,17.0,54.0,63.0,20.0,30.0
2024-12-19,0,111,144,72.0,33.0,72.0,85.0,70.0,80.0
2024-12-20,0,102,133,72.0,26.0,58.0,67.0,80.0,80.0
2024-12-21,28,126,150,100.0,26.0,76.0,107.0,150.0,160.0
2024-12-22,46,128,150,122.0,21.0,58.0,67.0,80.0,80.0
2024-12-23,5,137,178,128.0,22.0,81.0,103.0,180.0,200.0
2024-12-24,112,142,183,100.0,55.0,143.0,188.0,290.0,290.0
2024-12-25,0,106,128,72.0,20.0,54.0,67.0,280.0,280.0
2024-12-26,69,124,167,106.0,42.0,76.0,94.0,120.0,130.0
2024-12-27,53,153,167,128.0,53.0,130.0,192.0,270.0,250.0
2024-12-28,3,148,183,133.0,30.0,54.0,89.0,220.0,160.0
2024-12-29,71,157,167,111.0,61.0,130.0,170.0,210.0,210.0
2024-12-30,0,114,150,78.0,26.0,76.0,89.0,280.0,270.0
2024-12-31,0,102,144,61.0,19.0,63.0,76.0,280.0,290.0
